old_query_id,new_folder
imdbload_ceb_1a2454,q1
imdbload_ceb_1a2459,q2
imdbload_ceb_1a2470,q3
imdbload_ceb_1a2479,q4
imdbload_ceb_1a2482,q5
imdbload_ceb_2a2,q6
imdbload_ceb_2a4,q7
imdbload_ceb_2a5,q8
imdbload_ceb_2a9,q9
imdbload_ceb_2a10,q10
imdbload_ceb_2b1,q11
imdbload_ceb_2b5,q12
imdbload_ceb_2b6,q13
imdbload_ceb_2b8,q14
imdbload_ceb_2b9,q15
imdbload_ceb_2c2,q16
imdbload_ceb_2c6,q17
imdbload_ceb_2c7,q18
imdbload_ceb_2c8,q19
imdbload_ceb_2c9,q20
imdbload_ceb_3a1,q21
imdbload_ceb_3a12,q22
imdbload_ceb_3a21,q23
imdbload_ceb_3a28,q24
imdbload_ceb_3a43,q25
imdbload_ceb_3b4,q26
imdbload_ceb_3b5,q27
imdbload_ceb_3b6,q28
imdbload_ceb_3b10,q29
imdbload_ceb_3b14,q30
imdbload_ceb_4a86,q31
imdbload_ceb_4a114,q32
imdbload_ceb_4a144,q33
imdbload_ceb_4a220,q34
imdbload_ceb_4a279,q35
imdbload_ceb_5a2,q36
imdbload_ceb_5a32,q37
imdbload_ceb_5a45,q38
imdbload_ceb_5a56,q39
imdbload_ceb_5a68,q40
imdbload_ceb_6a1,q41
imdbload_ceb_6a7,q42
imdbload_ceb_6a8,q43
imdbload_ceb_6a9,q44
imdbload_ceb_6a10,q45
imdbload_ceb_7a1,q46
imdbload_ceb_7a3,q47
imdbload_ceb_7a4,q48
imdbload_ceb_7a5,q49
imdbload_ceb_7a7,q50
imdbload_ceb_8a3,q51
imdbload_ceb_8a5,q52
imdbload_ceb_8a6,q53
imdbload_ceb_8a8,q54
imdbload_ceb_8a9,q55
imdbload_ceb_9a10,q56
imdbload_ceb_9a11,q57
imdbload_ceb_9a12,q58
imdbload_ceb_9a13,q59
imdbload_ceb_9a14,q60
imdbload_ceb_9b1,q61
imdbload_ceb_9b6,q62
imdbload_ceb_9b7,q63
imdbload_ceb_9b8,q64
imdbload_ceb_9b12,q65
imdbload_ceb_10a8,q66
imdbload_ceb_10a13,q67
imdbload_ceb_10a14,q68
imdbload_ceb_10a15,q69
imdbload_ceb_10a19,q70
imdbload_ceb_11a5,q71
imdbload_ceb_11a6,q72
imdbload_ceb_11a7,q73
imdbload_ceb_11a8,q74
imdbload_ceb_11a16,q75
imdbload_ceb_11b11,q76
imdbload_ceb_11b12,q77
imdbload_ceb_11b13,q78
imdbload_ceb_11b14,q79
imdbload_ceb_11b15,q80
